"A10000","Johanna","Ross","15/8/1968","Erieta Trail",65,"Efcavaji","gl","KS","IM9H 7CL","England","Home","OiosqoTYhPVXKCxLF","QJgcnBwWwMwIlECKAUT","IT","A","2023Q1","Employee","NOT_INITIATED","8/4/1999"
"A10001","Tommy","Le GallGall","13/7/1986","Jofkid Loop",125,"Zumzito","bs","ME","BS9 1YU","England","Home","LCPfeSs","jsTUyAAiwuqCIPRH","IT","A","2023Q1","Contractor","NOT_INITIATED","16/1/1962"
"A10002","Andre","Bettini","20/8/1986","Vivha Key",154,"Izualme","lo","CA","NG2 0AY","England","Home","NxPKmNHlzbXJGqvW","VueWAvQYDFkgSUn","IT","A","2023Q1","Employee","INITIATED","6/12/1962"
"A10003","Brent","Pieralli","13/9/2005","Nelda Avenue",66,"Howolor","bg","MT","BT4X 6XO","England","Home","ZGaQW","DhaKoSjLBYfKvymj","IT","A","2023Q1","Employee","INITIATED","12/3/1962"
"A10000","Johanna","Ross","15/8/1968","Erieta Trail",65,"Efcavaji","gl","KS","IM9H 7CL","England","Office","OiosqoTYhPVXKCxLF","QJgcnBwWwMwIlECKAUT","IT","A","2023Q1","Employee","NOT_INITIATED","8/4/1999"
"A10001","Tommy","Le GallGall","13/7/1986","Jofkid Loop",125,"Zumzito","bs","ME","BS9 1YU","England","Office","LCPfeSs","jsTUyAAiwuqCIPRH","IT","A","2023Q1","Contractor","NOT_INITIATED","16/1/1962"
"A10002","Andre","Bettini","20/8/1986","Vivha Key",154,"Izualme","lo","CA","NG2 0AY","England","Office","NxPKmNHlzbXJGqvW","VueWAvQYDFkgSUn","IT","A","2023Q1","Employee","INITIATED","6/12/1962"
"A10003","Brent","Pieralli","13/9/2005","Nelda Avenue",66,"Howolor","bg","MT","BT4X 6XO","England","Office","ZGaQW","DhaKoSjLBYfKvymj","IT","A","2023Q1","Employee","INITIATED","12/3/1962"
"A10004","Kenneth","Buijs","29/10/2004","Ilre Highway",210,"Fabukfu","hr","MN","RG4J 3GI","England","Office","VeVhMy","qWmetCyFVY","IT","A","2023Q1","Contractor","NOT_INITIATED","21/9/1978"
"A10005","Isabelle","McGuire","15/7/1970","Sino Place",203,"Rulubuj","ki","MS","KA6 7CH","England","Office","zCJqQaIabKhUG","ykZGGjGpZvQWhNcKZ","IT","A","2023Q1","Contractor","INITIATED","22/10/1986"
"A10006","Randall","Hicks","25/7/1987","Jarni Parkway",5,"Pohputfar","cr","NE","MK1J 3QL","England","Office","YIMsCLJTSgXMvIR","qIwZQuJAL","IT","A","2023Q1","Contractor","NOT_INITIATED","9/8/1963"
"A10007","Flora","Burton","16/4/1961","Genohe Circle",70,"Gusatkat","ts","KY","HU6 4VI","England","Office","MHCDizEXKIuhNmxbYDng","XAhIwQMYLrFEn","IT","A","2023Q1","Contractor","INITIATED","30/7/1981"
"A10008","Juan","Heemskerk","30/12/1998","Jafwav Point",179,"Lavcipi","km","PA","BL3 4LI","England","Office","CDATafvx","xHyAiaVVKpVZWJHhyGAM","IT","A","2023Q1","Contractor","NOT_INITIATED","2/5/1962"
"A10009","Victoria","Mann","5/7/1961","Ivdun Ridge",145,"Cepcugbo","cs","DE","WF0 2YD","England","Office","uulSaPvlz","pyyjBrZohlbZoBAAcQHx","IT","A","2023Q1","Contractor","INITIATED","8/11/1979"
"A10010","Jose","Ballini","26/9/1986","Gido Avenue",4,"Ijeziuc","no","NM","EX6S 0KN","England","Office","EKiNxKpIeutbgEuZSKM","QJIKMGNL","IT","A","2023Q1","Employee","INITIATED","26/10/1964"
